<coordinator-app xmlns = "uri:oozie:coordinator:0.2" name =
   "hcoord_copydata_from_cdw_sapp_d_customer" frequency = "0/20 15-22 * * 2-6 " start = "2018-06-05T15:20Z" end = "2025-03-29T22:00Z" timezone = "America/New_York" >
   
   <controls>
      <timeout>1</timeout>
      <concurrency>1</concurrency>
      <execution>FIFO</execution>
      <throttle>1</throttle>
   </controls>
   
   <action>
      <workflow>
         <app-path>${nameNode}/user/maria_dev/Credit_Card_System/Intial_oozie/workflow.xml</app-path>
      </workflow>
   </action>
	
</coordinator-app>
