<?xml version="1.0" encoding="UTF-8"?>
<workflow-app xmlns="uri:oozie:workflow:0.2" name="Initial_oozie">
    <start to="sqoop-customer-table"/>

    <!-- Initial Sqoop Jobs -->
    <action name="sqoop-customer-table">
        <sqoop xmlns="uri:oozie:sqoop-action:0.2">
            <job-tracker>${jobTracker}</job-tracker>
            <name-node>${nameNode}</name-node>
            <prepare>
                <delete path="${nameNode}/user/maria_dev/Credit_Card_System/CDW_SAPP_D_CUSTOMER"/>
            </prepare>
            <configuration>
                <property>
                    <name>mapred.job.queue.name</name>
                    <value>${queueName}</value>
                </property>
            </configuration>
            <command>job --meta-connect jdbc:hsqldb:hsql://localhost:16000/sqoop --exec CustomerJob</command>		 		
	    <archive>/user/maria_dev/lib/java-json.jar#java-json.jar</archive>
        </sqoop>
        <ok to="sqoop-branch-table"/>
        <error to="fail"/>
    </action>

   
    <action name="sqoop-branch-table">
        <sqoop xmlns="uri:oozie:sqoop-action:0.2">
            <job-tracker>${jobTracker}</job-tracker>
            <name-node>${nameNode}</name-node>
            <prepare>
                <delete path="${nameNode}/user/maria_dev/Credit_Card_System/CDW_SAPP_D_BRANCH"/>
            </prepare>
            <configuration>
                <property>
                    <name>mapred.job.queue.name</name>
                    <value>${queueName}</value>
                </property>
            </configuration>
            <command>job --meta-connect jdbc:hsqldb:hsql://localhost:16000/sqoop --exec BranchJob</command>		 		
	    <archive>/user/maria_dev/lib/java-json.jar#java-json.jar</archive>
        </sqoop>
        <ok to="sqoop-creditcard-table"/>
        <error to="fail"/>
    </action>

   
    <action name="sqoop-creditcard-table">
        <sqoop xmlns="uri:oozie:sqoop-action:0.2">
            <job-tracker>${jobTracker}</job-tracker>
            <name-node>${nameNode}</name-node>
	    <prepare>
                <delete path="${nameNode}/user/maria_dev/Credit_Card_System/CDW_SAPP_F_CREDIT_CARD"/>
            </prepare>
            <configuration>
                <property>
                    <name>mapred.job.queue.name</name>
                    <value>${queueName}</value>
                </property>
            </configuration>
            <command>job --meta-connect jdbc:hsqldb:hsql://localhost:16000/sqoop --exec CreditJob</command>		 		
	    <archive>/user/maria_dev/lib/java-json.jar#java-json.jar</archive>
        </sqoop>
        <ok to="sqoop-time-table"/>
        <error to="fail"/>
    </action>

    <action name="sqoop-time-table">
        <sqoop xmlns="uri:oozie:sqoop-action:0.2">
            <job-tracker>${jobTracker}</job-tracker>
            <name-node>${nameNode}</name-node>
            <prepare>
                <delete path="${nameNode}/user/maria_dev/Credit_Card_System/CDW_SAPP_D_TIME"/>
            </prepare>
            <configuration>
                <property>
                    <name>mapred.job.queue.name</name>
                    <value>${queueName}</value>
                </property>
            </configuration>
            <command>job --meta-connect jdbc:hsqldb:hsql://localhost:16000/sqoop --exec TimeJob</command>		 		
	    <archive>/user/maria_dev/lib/java-json.jar#java-json.jar</archive>
        </sqoop>
        <ok to="hive-customer-table"/>
        <error to="fail"/>
    </action>

    <!-- Hive Tables -->
    <action name="hive-customer-table">
        <hive xmlns="uri:oozie:hive-action:0.2">
            <job-tracker>${jobTracker}</job-tracker>
            <name-node>${nameNode}</name-node>
            
            <configuration>
                <property>
                    <name>mapred.job.queue.name</name>
                    <value>${queueName}</value>
                </property>
            </configuration>
            <script>${nameNode}/user/maria_dev/Credit_Card_System/HiveImports/CustomerTable.hive</script>
        </hive>
        <ok to="hive-branch-table"/>
        <error to="fail"/>
    </action>

    <action name="hive-branch-table">
        <hive xmlns="uri:oozie:hive-action:0.2">
            <job-tracker>${jobTracker}</job-tracker>
            <name-node>${nameNode}</name-node>
            <configuration>
                <property>
                    <name>mapred.job.queue.name</name>
                    <value>${queueName}</value>
                </property>
            </configuration>
            <script>${nameNode}/user/maria_dev/Credit_Card_System/HiveImports/BranchTable.hive</script>
        </hive>
        <ok to="hive-creditcard-table"/>
        <error to="fail"/>
    </action>

    
    <action name="hive-creditcard-table">
        <hive xmlns="uri:oozie:hive-action:0.2">
            <job-tracker>${jobTracker}</job-tracker>
            <name-node>${nameNode}</name-node>
            <configuration>
                <property>
                    <name>mapred.job.queue.name</name>
                    <value>${queueName}</value>
                </property>
            </configuration>
            <script>${nameNode}/user/maria_dev/Credit_Card_System/HiveImports/CreditcardTable.hive</script>
        </hive>
        <ok to="hive-time-table"/>
        <error to="fail"/>
    </action>

   
    <action name="hive-time-table">
        <hive xmlns="uri:oozie:hive-action:0.2">
            <job-tracker>${jobTracker}</job-tracker>
            <name-node>${nameNode}</name-node>
            <configuration>
                <property>
                    <name>mapred.job.queue.name</name>
                    <value>${queueName}</value>
                </property>
            </configuration>
            <script>${nameNode}/user/maria_dev/Credit_Card_System/HiveImports/TimeTable.hive</script>
        </hive>
        <ok to="end"/>
        <error to="fail"/>
    </action>


    <kill name="fail">
        <message>Sqoop failed, error message[${wf:errorMessage(wf:lastErrorNode())}]</message>
    </kill>
    <end name="end"/>
</workflow-app>
